entity_id	business_name	business_address	country
S1-00001	Tata Consultancy Services	TCS House, Raveline Street, Fort, Mumbai 400001	India
S1-00002	Infosys Limited	Electronics City, Hosur Road, Bangalore 560100	India
S1-00003	Reliance Industries	Maker Chambers IV, 222 Nariman Point, Mumbai 400021	India
S1-00004	Wipro Technologies	Doddakannelli, Sarjapur Road, Bangalore 560035	India
S1-00005	Hindustan Unilever	Unilever House, B.D. Sawant Marg, Chakala, Andheri East, Mumbai 400099	India
S1-00006	State Bank of India	State Bank Bhavan, Madame Cama Road, Nariman Point, Mumbai 400021	India
S1-00007	Bharti Airtel	Bharti Crescent, 1 Nelson Mandela Road, Vasant Kunj, New Delhi 110070	India
S1-00008	HCL Technologies	Technology Hub, Plot No 3A, Sector 126, Noida 201304	India
S1-00009	Larsen & Toubro	L&T House, Ballard Estate, Mumbai 400001	India
S1-00010	Mahindra & Mahindra	Gateway Building, Apollo Bunder, Mumbai 400001	India
S1-00011	Apple Inc.	One Apple Park Way, Cupertino, CA 95014	US
S1-00012	Microsoft Corporation	One Microsoft Way, Redmond, WA 98052	US
S1-00013	Amazon.com Inc.	410 Terry Avenue North, Seattle, WA 98109	US
S1-00014	Alphabet Inc.	1600 Amphitheatre Parkway, Mountain View, CA 94043	US
S1-00015	The Home Depot Inc.	2455 Paces Ferry Road, Atlanta, GA 30339	US
S1-00016	Walmart Inc.	702 SW 8th Street, Bentonville, AR 72716	US
S1-00017	Target Corporation	1000 Nicollet Mall, Minneapolis, MN 55403	US
S1-00018	JPMorgan Chase & Co.	383 Madison Avenue, New York, NY 10179	US
S1-00019	Johnson & Johnson	One Johnson & Johnson Plaza, New Brunswick, NJ 08933	US
S1-00020	General Electric Company	5 Necco Street, Boston, MA 02210	US
